{"cameraMode":{"drawMode":0,"name":"Shaded","section":"Shading Mode"},"sceneLighting":true,"audioPlay":false,"sceneViewState":{"m_AlwaysRefresh":false,"showFog":true,"showSkybox":true,"showFlares":true,"showImageEffects":true,"showParticleSystems":true,"showVisualEffectGraphs":true,"m_FxEnabled":true},"in2DMode":false,"pivot":{"x":3.316706418991089,"y":2.1563756465911867,"z":-1.615311861038208},"rotation":{"x":0.07862287759780884,"y":0.37328648567199709,"z":-0.03176577389240265,"w":0.9238408803939819},"size":3.8996195793151857,"orthographic":true}